t,theta_ref_deg,theta_pred_deg,p1_MPa,p2_MPa,ps_MPa,pd_MPa,z,ok,mpa_cmd_x,mpa_cmd_y
0.0,0.0,-0.028115962462995196,0.02484612123252394,0.02494546898695107,0.04979159021947501,-9.934775442713151e-05,-0.004286380648416763,1,113.0774584093534,113.52960107839066
0.01,0.0,-0.06940764883812227,0.024692464279461056,0.024891084322124876,0.04958354860158593,-0.00019862004266382044,-0.004285139660972036,1,112.37814854296943,113.2820904260261
0.02,0.0,-0.12494690413369429,0.02453952004639401,0.024837007116174932,0.04937652716256894,-0.00029748706978092315,-0.004283904715263727,1,111.68208234447762,113.03597905316947
0.03,0.0,-0.19076711477898312,0.024386183641895223,0.024782921617894596,0.04916910525978982,-0.00039673797599937277,-0.004282667078122386,1,110.98423133022537,112.78982994099586
0.04,0.0,-0.26523306504037064,0.024232373064423995,0.024728591705461087,0.04896096476988508,-0.0004962186410370911,-0.004281425564185117,1,110.28422230208966,112.54256847285401
0.05,0.0,-0.3463487657090732,0.02407871212983087,0.024674411026899087,0.04875312315672996,-0.000595698897068217,-0.004280185646899613,1,109.58489431531916,112.29598618464296
0.06,0.0,-0.4324576678748256,0.02392493209385114,0.02462040920029546,0.0485453412941466,-0.0006954771064443185,-0.004278945469348674,1,108.88502428490476,112.0502178715669
0.07,0.0,-0.5319340796977062,0.023770848928791517,0.02456670360243039,0.048337552531221906,-0.0007958546736388725,-0.004277704002267394,1,108.18377468036672,111.80579772839431
0.08,0.0,-0.6403225778889535,0.023616710916248694,0.024513059282195215,0.04812977019844391,-0.0008963483659465213,-0.004276462435347496,1,107.4822754588385,111.56165646652401
0.09,0.0,-0.7558689467436666,0.0234640119171284,0.024459709591041642,0.04792372150817004,-0.0009956976739132414,-0.004275232081349903,1,106.7873253472866,111.31885609434063
0.1,0.0,-0.8764261993648549,0.023316497733916194,0.02440777200762163,0.047724269741537824,-0.0010912742737054365,-0.004274042637465688,1,106.11597190902303,111.08248238135356
0.11,0.0,-1.000460589794025,0.0231637987347959,0.024354422316468057,0.04751822105126396,-0.0011906235816721567,-0.004272812558449517,1,105.42102179747113,110.83968200917019
0.12,0.0,-1.126620782892582,0.0230144346696191,0.024302614582749685,0.047317049252368786,-0.0012881799131305854,-0.0042716104171374595,1,104.74124934084426,110.60389925660301
0.13,0.0,-1.2538302364981977,0.022861125404890558,0.02425039881073805,0.04711152421562861,-0.001389273405847491,-0.004270379045941758,1,104.04352184270192,110.36625947642561
0.14,0.0,-1.3812002259484701,0.02271361122167835,0.024198461227318037,0.04691207244899639,-0.001484850005639686,-0.004269190133491589,1,103.37216840443837,110.12988576343854
0.15,0.0,-1.5080102995063953,0.02256030195694981,0.0241462454553064,0.04670654741225621,-0.0015859434983565915,-0.0042679590218395215,1,102.67444090629603,109.89224598326113
0.16,0.0,-1.633669921121593,0.022406992692221267,0.024094029683294764,0.04650102237551603,-0.001687036991073497,-0.004266728038749714,1,101.97671340815369,109.65460620308373
0.17,0.0,-1.7577080257956765,0.022251261768865466,0.024041801029995667,0.04629306279886113,-0.0017905392611302015,-0.004265479747449479,1,101.26796467252551,109.41690779873583
0.18,0.0,-1.8797795026248867,0.022095530845509664,0.02398957237669657,0.046085103222206235,-0.001894041531186906,-0.0042642315817184,1,100.55921593689732,109.17920939438795
0.19,0.0,-1.9995954544156327,0.021946736118914095,0.02393965582893099,0.045886391947845086,-0.0019929197100168952,-0.004263039091334874,1,99.88203460341349,108.95203363922371
0.2,0.0,-2.116957553460322,0.0217896414040563,0.023888560247131423,0.04567820165118772,-0.002098918843075122,-0.004261784149592397,1,99.16707910112734,108.71949196916701
0.21,0.0,-2.2316897453551454,0.02164084667746073,0.023838643699365843,0.045479490376826574,-0.002197797021905111,-0.004260591888411741,1,98.48989776764351,108.49231621400277
0.22,0.0,-2.34372035538315,0.021492051950865163,0.023788727151600263,0.045280779102465425,-0.0022966752007351,-0.004259399741981744,1,97.81271643415968,108.26514045883853
0.23,0.0,-2.4529765191439608,0.021346715958687833,0.023743195825730173,0.045089911784418006,-0.0023964798670423407,-0.004258243298340247,1,97.15127618531707,108.05792233576754
0.24,0.0,-2.5594401522363786,0.021197921232092264,0.023693279277964593,0.04489120051005686,-0.00249535804587233,-0.00425705136528635,1,96.47409485183324,107.8307465806033
0.25,0.0,-2.663091676479476,0.021049126505496694,0.023643362730199013,0.04469248923569571,-0.002594236224702319,-0.004255859546983111,1,95.7969135183494,107.60357082543906
0.26,0.0,-2.7639364551021206,0.020900331778901125,0.023593446182433434,0.04449377796133456,-0.002693114403532308,-0.004254667843430531,1,95.11973218486557,107.37639507027482
0.27,0.0,-2.8620315138071497,0.02074514462193504,0.023540447770310557,0.044285592392245596,-0.002795303148375519,-0.0042534227900684375,1,94.41345819049546,107.13519340799117
0.28,0.0,-2.957375739290205,0.02058995746496895,0.02348744935818768,0.04407740682315663,-0.00289749189321873,-0.004252177869680436,1,93.70718419612537,106.8939917457075
0.29,0.0,-3.050035841206232,0.020441162738373382,0.0234375328104221,0.043878695548795484,-0.0029963700720487194,-0.004250986528063065,1,93.03000286264152,106.66681599054326
0.3,0.0,-3.1400707967229926,0.020283804239832847,0.023386987349144826,0.04367079158897767,-0.0031031831093119785,-0.004249732161128208,1,92.31384685150594,106.436777980108
0.31,0.0,-3.2275465899032283,0.02012530514140533,0.02333351446546011,0.04345881960686544,-0.0032082093240547796,-0.004248462641181884,1,91.59249984355138,106.19341694502735
0.32,0.0,-3.312535166681072,0.01996508785624908,0.02328010870374136,0.04324519655999044,-0.0033150208474922796,-0.004247181049684965,1,90.86333317688471,105.9503613894718
0.33,0.0,-3.3951184991167307,0.019850681389287122,0.023237836974758373,0.043088518364045494,-0.0033871555854712507,-0.004246256048329152,1,90.34265663391118,105.75797805401145
0.34,0.0,-3.4753912293038254,0.019704836587060466,0.023186820658704324,0.04289165724576479,-0.003481984071643858,-0.0042450838803183505,1,89.67890073399964,105.52579713116991
0.35000000000000003,0.0,-3.553421344991161,0.019572309715339752,0.0231399551841614,0.042712264899501154,-0.0035676454688216494,-0.004244017644597877,1,89.0757562155907,105.31250714925012
0.36,0.0,-3.6292878708849448,0.019448478280262596,0.023099315958649717,0.04254779423891231,-0.0036508376783871213,-0.0042430289988536225,1,88.51218559550622,105.12755351847694
0.37,0.0,-3.7031117196497965,0.01932464684518544,0.023058676733138033,0.04238332357832347,-0.0037340298879525932,-0.004242040426308356,1,87.94861497542173,104.94259988770376
0.38,0.0,-3.7749574370410692,0.019178802042958784,0.023007660417083985,0.04218646246004277,-0.0038288583741252005,-0.004240868697712366,1,87.2848590755102,104.71041896486223
0.39,0.0,-3.844854250929462,0.019054970607881628,0.0229670211915723,0.04202199179945393,-0.0039120505836906724,-0.00423988029555176,1,86.72128845542572,104.52546533408905
0.4,0.0,-3.9127430009607003,0.01890618741053648,0.022913611880052146,0.04181979929058863,-0.004007424469515665,-0.0042386819473668735,1,86.0441595928416,104.28239362299288
0.41000000000000003,0.0,-3.978833293421572,0.018760342608309825,0.022862595563998098,0.04162293817230792,-0.004102252955688272,-0.00423751057868066,1,85.38040369293006,104.05021270015135
0.42,0.0,-4.043087283248566,0.018600125323153575,0.022809189802279348,0.04140931512543292,-0.004209064479125772,-0.004236230166038715,1,84.65123702626339,103.80715714459579
0.43,0.0,-4.105588976253401,0.01847629388807642,0.022768550576767663,0.04124484446484408,-0.004292256688691244,-0.004235242135738705,1,84.08766640617891,103.62220351382261
0.44,0.0,-4.166421485825035,0.018352462452999263,0.02272791135125598,0.04108037380425524,-0.004375448898256716,-0.0042342541786376834,1,83.52409578609442,103.43724988304943
0.45,0.0,-4.225687215191946,0.018238055986037303,0.02268563962227299,0.040923695608310294,-0.004447583636235687,-0.004233330345092072,1,83.00341924312089,103.24486654758908
0.46,0.0,-4.283399437947367,0.018092719993859974,0.0226401082964029,0.040732828290262875,-0.004547388302542928,-0.00423217610533371,1,82.34197899427828,103.0376484245181
0.47000000000000003,0.0,-4.339709247600057,0.017968888558782817,0.022599469070891217,0.040568357629674034,-0.0046305805121083995,-0.004231188383882224,1,81.7784083741938,102.85269479374492
0.48,0.0,-4.3946689950086695,0.01784505712370566,0.022558829845379533,0.040403886969085194,-0.0047137727216738715,-0.004230200735629725,1,81.21483775410933,102.66774116297175
0.49,0.0,-4.448364259431904,0.017690632897252107,0.022509879252770763,0.04020051215002287,-0.004819246355518655,-0.004228973236568453,1,80.51203594127182,102.4449615770545
0.5,30.0,-4.500713240923481,0.017690632897252107,0.022509879252770763,0.04020051215002287,-0.004819246355518655,-0.004228973236568453,1,80.51203594127182,102.4449615770545
0.51,30.0,-4.551792598723713,0.017690632897252107,0.022509879252770763,0.04020051215002287,-0.004819246355518655,-0.004228973236568453,1,80.51203594127182,102.4449615770545
0.52,30.0,-4.601630879825792,0.017690632897252107,0.022509879252770763,0.04020051215002287,-0.004819246355518655,-0.004228973236568453,1,80.51203594127182,102.4449615770545
0.53,30.0,-4.65039905053368,0.017690632897252107,0.022509879252770763,0.04020051215002287,-0.004819246355518655,-0.004228973236568453,1,80.51203594127182,102.4449615770545
0.54,30.0,-4.6980182880268355,0.017690632897252107,0.022509879252770763,0.04020051215002287,-0.004819246355518655,-0.004228973236568453,1,80.51203594127182,102.4449615770545
0.55,30.0,-4.744621868848101,0.017690632897252107,0.022509879252770763,0.04020051215002287,-0.004819246355518655,-0.004228973236568453,1,80.51203594127182,102.4449615770545
0.56,30.0,-4.790134901062308,0.017690632897252107,0.022509879252770763,0.04020051215002287,-0.004819246355518655,-0.004228973236568453,1,80.51203594127182,102.4449615770545
0.5700000000000001,30.0,-4.834021583381475,0.017690632897252107,0.022509879252770763,0.04020051215002287,-0.004819246355518655,-0.004228973236568453,1,80.51203594127182,102.4449615770545
0.58,30.0,-4.876458385836765,0.017690632897252107,0.022509879252770763,0.04020051215002287,-0.004819246355518655,-0.004228973236568453,1,80.51203594127182,102.4449615770545
0.59,30.0,-4.917386331697855,0.017690632897252107,0.022509879252770763,0.04020051215002287,-0.004819246355518655,-0.004228973236568453,1,80.51203594127182,102.4449615770545
0.6,30.0,-4.956842114353565,0.017690632897252107,0.022509879252770763,0.04020051215002287,-0.004819246355518655,-0.004228973236568453,1,80.51203594127182,102.4449615770545
0.61,30.0,-4.9948388628923475,0.017690632897252107,0.022509879252770763,0.04020051215002287,-0.004819246355518655,-0.004228973236568453,1,80.51203594127182,102.4449615770545
0.62,30.0,-5.031406072183134,0.017690632897252107,0.022509879252770763,0.04020051215002287,-0.004819246355518655,-0.004228973236568453,1,80.51203594127182,102.4449615770545
0.63,30.0,-5.066573773879193,0.017690632897252107,0.022509879252770763,0.04020051215002287,-0.004819246355518655,-0.004228973236568453,1,80.51203594127182,102.4449615770545
0.64,30.0,-5.1003766524644245,0.017690632897252107,0.022509879252770763,0.04020051215002287,-0.004819246355518655,-0.004228973236568453,1,80.51203594127182,102.4449615770545
0.65,30.0,-5.132851377417165,0.017690632897252107,0.022509879252770763,0.04020051215002287,-0.004819246355518655,-0.004228973236568453,1,80.51203594127182,102.4449615770545
0.66,30.0,-5.164036533459969,0.017690632897252107,0.022509879252770763,0.04020051215002287,-0.004819246355518655,-0.004228973236568453,1,80.51203594127182,102.4449615770545
0.67,30.0,-5.193971809747304,0.017690632897252107,0.022509879252770763,0.04020051215002287,-0.004819246355518655,-0.004228973236568453,1,80.51203594127182,102.4449615770545
0.68,30.0,-5.22269759712721,0.017690632897252107,0.022509879252770763,0.04020051215002287,-0.004819246355518655,-0.004228973236568453,1,80.51203594127182,102.4449615770545
0.6900000000000001,30.0,-5.2502545651748775,0.017690632897252107,0.022509879252770763,0.04020051215002287,-0.004819246355518655,-0.004228973236568453,1,80.51203594127182,102.4449615770545
0.7000000000000001,30.0,-5.276683350184096,0.017690632897252107,0.022509879252770763,0.04020051215002287,-0.004819246355518655,-0.004228973236568453,1,80.51203594127182,102.4449615770545
0.71,30.0,-5.302024291213029,0.017690632897252107,0.022509879252770763,0.04020051215002287,-0.004819246355518655,-0.004228973236568453,1,80.51203594127182,102.4449615770545
0.72,30.0,-5.326317222259802,0.017690632897252107,0.022509879252770763,0.04020051215002287,-0.004819246355518655,-0.004228973236568453,1,80.51203594127182,102.4449615770545
0.73,30.0,-5.34960130582653,0.017690632897252107,0.022509879252770763,0.04020051215002287,-0.004819246355518655,-0.004228973236568453,1,80.51203594127182,102.4449615770545
0.74,30.0,-5.371914903024466,0.017690632897252107,0.022509879252770763,0.04020051215002287,-0.004819246355518655,-0.004228973236568453,1,80.51203594127182,102.4449615770545
0.75,30.0,-5.393295473456618,0.017690632897252107,0.022509879252770763,0.04020051215002287,-0.004819246355518655,-0.004228973236568453,1,80.51203594127182,102.4449615770545
0.76,30.0,-5.413779500117002,0.017690632897252107,0.022509879252770763,0.04020051215002287,-0.004819246355518655,-0.004228973236568453,1,80.51203594127182,102.4449615770545
0.77,30.0,-5.4334024349629715,0.017690632897252107,0.022509879252770763,0.04020051215002287,-0.004819246355518655,-0.004228973236568453,1,80.51203594127182,102.4449615770545
0.78,30.0,-5.452198661619568,0.017690632897252107,0.022509879252770763,0.04020051215002287,-0.004819246355518655,-0.004228973236568453,1,80.51203594127182,102.4449615770545
0.79,30.0,-5.470201472194813,0.017690632897252107,0.022509879252770763,0.04020051215002287,-0.004819246355518655,-0.004228973236568453,1,80.51203594127182,102.4449615770545
0.8,30.0,-5.487443055680119,0.017690632897252107,0.022509879252770763,0.04020051215002287,-0.004819246355518655,-0.004228973236568453,1,80.51203594127182,102.4449615770545
0.81,30.0,-5.503954495808755,0.017690632897252107,0.022509879252770763,0.04020051215002287,-0.004819246355518655,-0.004228973236568453,1,80.51203594127182,102.4449615770545
0.8200000000000001,30.0,-5.519765776589138,0.017690632897252107,0.022509879252770763,0.04020051215002287,-0.004819246355518655,-0.004228973236568453,1,80.51203594127182,102.4449615770545
0.8300000000000001,30.0,-5.534905794017473,0.017690632897252107,0.022509879252770763,0.04020051215002287,-0.004819246355518655,-0.004228973236568453,1,80.51203594127182,102.4449615770545
0.84,30.0,-5.549402372718188,0.017690632897252107,0.022509879252770763,0.04020051215002287,-0.004819246355518655,-0.004228973236568453,1,80.51203594127182,102.4449615770545
0.85,30.0,-5.563282286465977,0.017690632897252107,0.022509879252770763,0.04020051215002287,-0.004819246355518655,-0.004228973236568453,1,80.51203594127182,102.4449615770545
0.86,30.0,-5.576571281716728,0.017690632897252107,0.022509879252770763,0.04020051215002287,-0.004819246355518655,-0.004228973236568453,1,80.51203594127182,102.4449615770545
0.87,30.0,-5.589294103420681,0.017690632897252107,0.022509879252770763,0.04020051215002287,-0.004819246355518655,-0.004228973236568453,1,80.51203594127182,102.4449615770545
0.88,30.0,-5.60147452251435,0.017690632897252107,0.022509879252770763,0.04020051215002287,-0.004819246355518655,-0.004228973236568453,1,80.51203594127182,102.4449615770545
0.89,30.0,-5.613135364591465,0.017690632897252107,0.022509879252770763,0.04020051215002287,-0.004819246355518655,-0.004228973236568453,1,80.51203594127182,102.4449615770545
0.9,30.0,-5.62429853934041,0.017690632897252107,0.022509879252770763,0.04020051215002287,-0.004819246355518655,-0.004228973236568453,1,80.51203594127182,102.4449615770545
0.91,30.0,-5.634985070409071,0.017690632897252107,0.022509879252770763,0.04020051215002287,-0.004819246355518655,-0.004228973236568453,1,80.51203594127182,102.4449615770545
0.92,30.0,-5.645215125419672,0.017690632897252107,0.022509879252770763,0.04020051215002287,-0.004819246355518655,-0.004228973236568453,1,80.51203594127182,102.4449615770545
0.93,30.0,-5.655008045907921,0.017690632897252107,0.022509879252770763,0.04020051215002287,-0.004819246355518655,-0.004228973236568453,1,80.51203594127182,102.4449615770545
0.9400000000000001,30.0,-5.664382377004171,0.017690632897252107,0.022509879252770763,0.04020051215002287,-0.004819246355518655,-0.004228973236568453,1,80.51203594127182,102.4449615770545
0.9500000000000001,30.0,-5.673355896710735,0.017690632897252107,0.022509879252770763,0.04020051215002287,-0.004819246355518655,-0.004228973236568453,1,80.51203594127182,102.4449615770545
0.96,30.0,-5.681945644659745,0.017690632897252107,0.022509879252770763,0.04020051215002287,-0.004819246355518655,-0.004228973236568453,1,80.51203594127182,102.4449615770545
0.97,30.0,-5.690167950261487,0.017690632897252107,0.022509879252770763,0.04020051215002287,-0.004819246355518655,-0.004228973236568453,1,80.51203594127182,102.4449615770545
0.98,30.0,-5.698038460174103,0.017690632897252107,0.022509879252770763,0.04020051215002287,-0.004819246355518655,-0.004228973236568453,1,80.51203594127182,102.4449615770545
0.99,30.0,-5.7055721650432805,0.017690632897252107,0.022509879252770763,0.04020051215002287,-0.004819246355518655,-0.004228973236568453,1,80.51203594127182,102.4449615770545
1.0,30.0,-5.71278342547501,0.017690632897252107,0.022509879252770763,0.04020051215002287,-0.004819246355518655,-0.004228973236568453,1,80.51203594127182,102.4449615770545
1.01,30.0,-5.719685997216588,0.017690632897252107,0.022509879252770763,0.04020051215002287,-0.004819246355518655,-0.004228973236568453,1,80.51203594127182,102.4449615770545
1.02,30.0,-5.7262930555309275,0.017690632897252107,0.022509879252770763,0.04020051215002287,-0.004819246355518655,-0.004228973236568453,1,80.51203594127182,102.4449615770545
1.03,30.0,-5.732617218757388,0.017690632897252107,0.022509879252770763,0.04020051215002287,-0.004819246355518655,-0.004228973236568453,1,80.51203594127182,102.4449615770545
1.04,30.0,-5.738670571058942,0.017690632897252107,0.022509879252770763,0.04020051215002287,-0.004819246355518655,-0.004228973236568453,1,80.51203594127182,102.4449615770545
1.05,30.0,-5.74446468436089,0.017690632897252107,0.022509879252770763,0.04020051215002287,-0.004819246355518655,-0.004228973236568453,1,80.51203594127182,102.4449615770545
1.06,30.0,-5.7500106394906,0.017690632897252107,0.022509879252770763,0.04020051215002287,-0.004819246355518655,-0.004228973236568453,1,80.51203594127182,102.4449615770545
1.07,30.0,-5.755319046531239,0.017690632897252107,0.022509879252770763,0.04020051215002287,-0.004819246355518655,-0.004228973236568453,1,80.51203594127182,102.4449615770545
1.08,30.0,-5.760400064405129,0.017690632897252107,0.022509879252770763,0.04020051215002287,-0.004819246355518655,-0.004228973236568453,1,80.51203594127182,102.4449615770545
1.09,30.0,-5.765263419704428,0.017690632897252107,0.022509879252770763,0.04020051215002287,-0.004819246355518655,-0.004228973236568453,1,80.51203594127182,102.4449615770545
1.1,30.0,-5.769918424788438,0.017690632897252107,0.022509879252770763,0.04020051215002287,-0.004819246355518655,-0.004228973236568453,1,80.51203594127182,102.4449615770545
1.11,30.0,-5.774373995167954,0.017690632897252107,0.022509879252770763,0.04020051215002287,-0.004819246355518655,-0.004228973236568453,1,80.51203594127182,102.4449615770545
1.12,30.0,-5.77863866619788,0.017690632897252107,0.022509879252770763,0.04020051215002287,-0.004819246355518655,-0.004228973236568453,1,80.51203594127182,102.4449615770545
1.1300000000000001,30.0,-5.782720609099855,0.017690632897252107,0.022509879252770763,0.04020051215002287,-0.004819246355518655,-0.004228973236568453,1,80.51203594127182,102.4449615770545
1.1400000000000001,30.0,-5.786627646336849,0.017690632897252107,0.022509879252770763,0.04020051215002287,-0.004819246355518655,-0.004228973236568453,1,80.51203594127182,102.4449615770545
1.1500000000000001,30.0,-5.7903672663618355,0.017690632897252107,0.022509879252770763,0.04020051215002287,-0.004819246355518655,-0.004228973236568453,1,80.51203594127182,102.4449615770545
1.16,30.0,-5.793946637762475,0.017690632897252107,0.022509879252770763,0.04020051215002287,-0.004819246355518655,-0.004228973236568453,1,80.51203594127182,102.4449615770545
1.17,30.0,-5.797372622823617,0.017690632897252107,0.022509879252770763,0.04020051215002287,-0.004819246355518655,-0.004228973236568453,1,80.51203594127182,102.4449615770545
1.18,30.0,-5.800651790529038,0.017690632897252107,0.022509879252770763,0.04020051215002287,-0.004819246355518655,-0.004228973236568453,1,80.51203594127182,102.4449615770545
1.19,30.0,-5.803790429023487,0.017690632897252107,0.022509879252770763,0.04020051215002287,-0.004819246355518655,-0.004228973236568453,1,80.51203594127182,102.4449615770545
1.2,30.0,-5.806794557555637,0.017690632897252107,0.022509879252770763,0.04020051215002287,-0.004819246355518655,-0.004228973236568453,1,80.51203594127182,102.4449615770545
1.21,30.0,-5.8096699379220045,0.017690632897252107,0.022509879252770763,0.04020051215002287,-0.004819246355518655,-0.004228973236568453,1,80.51203594127182,102.4449615770545
1.22,30.0,-5.812422085431432,0.017690632897252107,0.022509879252770763,0.04020051215002287,-0.004819246355518655,-0.004228973236568453,1,80.51203594127182,102.4449615770545
1.23,30.0,-5.815056279409074,0.017690632897252107,0.022509879252770763,0.04020051215002287,-0.004819246355518655,-0.004228973236568453,1,80.51203594127182,102.4449615770545
1.24,30.0,-5.81757757325831,0.017690632897252107,0.022509879252770763,0.04020051215002287,-0.004819246355518655,-0.004228973236568453,1,80.51203594127182,102.4449615770545
1.25,30.0,-5.81999080409838,0.017690632897252107,0.022509879252770763,0.04020051215002287,-0.004819246355518655,-0.004228973236568453,1,80.51203594127182,102.4449615770545
1.26,30.0,-5.8223006019949555,0.017690632897252107,0.022509879252770763,0.04020051215002287,-0.004819246355518655,-0.004228973236568453,1,80.51203594127182,102.4449615770545
1.27,30.0,-5.82451139880027,0.017690632897252107,0.022509879252770763,0.04020051215002287,-0.004819246355518655,-0.004228973236568453,1,80.51203594127182,102.4449615770545
1.28,30.0,-5.82662743661881,0.017690632897252107,0.022509879252770763,0.04020051215002287,-0.004819246355518655,-0.004228973236568453,1,80.51203594127182,102.4449615770545
1.29,30.0,-5.828652775914015,0.017690632897252107,0.022509879252770763,0.04020051215002287,-0.004819246355518655,-0.004228973236568453,1,80.51203594127182,102.4449615770545
1.3,30.0,-5.830591303270867,0.017690632897252107,0.022509879252770763,0.04020051215002287,-0.004819246355518655,-0.004228973236568453,1,80.51203594127182,102.4449615770545
1.31,30.0,-5.832446738828638,0.017690632897252107,0.022509879252770763,0.04020051215002287,-0.004819246355518655,-0.004228973236568453,1,80.51203594127182,102.4449615770545
1.32,30.0,-5.834222643397574,0.017690632897252107,0.022509879252770763,0.04020051215002287,-0.004819246355518655,-0.004228973236568453,1,80.51203594127182,102.4449615770545
1.33,30.0,-5.835922425272711,0.017690632897252107,0.022509879252770763,0.04020051215002287,-0.004819246355518655,-0.004228973236568453,1,80.51203594127182,102.4449615770545
1.34,30.0,-5.837549346757544,0.017690632897252107,0.022509879252770763,0.04020051215002287,-0.004819246355518655,-0.004228973236568453,1,80.51203594127182,102.4449615770545
1.35,30.0,-5.839106530409714,0.017690632897252107,0.022509879252770763,0.04020051215002287,-0.004819246355518655,-0.004228973236568453,1,80.51203594127182,102.4449615770545
1.36,30.0,-5.840596965020427,0.017690632897252107,0.022509879252770763,0.04020051215002287,-0.004819246355518655,-0.004228973236568453,1,80.51203594127182,102.4449615770545
1.37,30.0,-5.842023511338847,0.017690632897252107,0.022509879252770763,0.04020051215002287,-0.004819246355518655,-0.004228973236568453,1,80.51203594127182,102.4449615770545
1.3800000000000001,30.0,-5.843388907552207,0.017690632897252107,0.022509879252770763,0.04020051215002287,-0.004819246355518655,-0.004228973236568453,1,80.51203594127182,102.4449615770545
1.3900000000000001,30.0,-5.844695774531999,0.017690632897252107,0.022509879252770763,0.04020051215002287,-0.004819246355518655,-0.004228973236568453,1,80.51203594127182,102.4449615770545
1.4000000000000001,30.0,-5.845946620856139,0.017690632897252107,0.022509879252770763,0.04020051215002287,-0.004819246355518655,-0.004228973236568453,1,80.51203594127182,102.4449615770545
1.41,30.0,-5.8471438476166036,0.017690632897252107,0.022509879252770763,0.04020051215002287,-0.004819246355518655,-0.004228973236568453,1,80.51203594127182,102.4449615770545
1.42,30.0,-5.848289753021656,0.017690632897252107,0.022509879252770763,0.04020051215002287,-0.004819246355518655,-0.004228973236568453,1,80.51203594127182,102.4449615770545
1.43,30.0,-5.849386536801367,0.017690632897252107,0.022509879252770763,0.04020051215002287,-0.004819246355518655,-0.004228973236568453,1,80.51203594127182,102.4449615770545
1.44,30.0,-5.85043630442481,0.017690632897252107,0.022509879252770763,0.04020051215002287,-0.004819246355518655,-0.004228973236568453,1,80.51203594127182,102.4449615770545
1.45,30.0,-5.85144107113695,0.017690632897252107,0.022509879252770763,0.04020051215002287,-0.004819246355518655,-0.004228973236568453,1,80.51203594127182,102.4449615770545
1.46,30.0,-5.852402765822873,0.017690632897252107,0.022509879252770763,0.04020051215002287,-0.004819246355518655,-0.004228973236568453,1,80.51203594127182,102.4449615770545
1.47,30.0,-5.853323234706748,0.017690632897252107,0.022509879252770763,0.04020051215002287,-0.004819246355518655,-0.004228973236568453,1,80.51203594127182,102.4449615770545
1.48,30.0,-5.854204244892539,0.017690632897252107,0.022509879252770763,0.04020051215002287,-0.004819246355518655,-0.004228973236568453,1,80.51203594127182,102.4449615770545
1.49,30.0,-5.855047487753227,0.017690632897252107,0.022509879252770763,0.04020051215002287,-0.004819246355518655,-0.004228973236568453,1,80.51203594127182,102.4449615770545
1.5,30.0,-5.855854582174999,0.017690632897252107,0.022509879252770763,0.04020051215002287,-0.004819246355518655,-0.004228973236568453,1,80.51203594127182,102.4449615770545
1.51,30.0,-5.8566270776625915,0.017690632897252107,0.022509879252770763,0.04020051215002287,-0.004819246355518655,-0.004228973236568453,1,80.51203594127182,102.4449615770545
1.52,30.0,-5.857366457311732,0.017690632897252107,0.022509879252770763,0.04020051215002287,-0.004819246355518655,-0.004228973236568453,1,80.51203594127182,102.4449615770545
1.53,30.0,-5.858074140654337,0.017690632897252107,0.022509879252770763,0.04020051215002287,-0.004819246355518655,-0.004228973236568453,1,80.51203594127182,102.4449615770545
1.54,30.0,-5.858751486381898,0.017690632897252107,0.022509879252770763,0.04020051215002287,-0.004819246355518655,-0.004228973236568453,1,80.51203594127182,102.4449615770545
1.55,30.0,-5.859399794952283,0.017690632897252107,0.022509879252770763,0.04020051215002287,-0.004819246355518655,-0.004228973236568453,1,80.51203594127182,102.4449615770545
1.56,30.0,-5.860020311084909,0.017690632897252107,0.022509879252770763,0.04020051215002287,-0.004819246355518655,-0.004228973236568453,1,80.51203594127182,102.4449615770545
1.57,30.0,-5.8606142261490834,0.017690632897252107,0.022509879252770763,0.04020051215002287,-0.004819246355518655,-0.004228973236568453,1,80.51203594127182,102.4449615770545
1.58,30.0,-5.8611826804500575,0.017690632897252107,0.022509879252770763,0.04020051215002287,-0.004819246355518655,-0.004228973236568453,1,80.51203594127182,102.4449615770545
1.59,30.0,-5.861726765417192,0.017690632897252107,0.022509879252770763,0.04020051215002287,-0.004819246355518655,-0.004228973236568453,1,80.51203594127182,102.4449615770545
1.6,30.0,-5.862247525698385,0.017690632897252107,0.022509879252770763,0.04020051215002287,-0.004819246355518655,-0.004228973236568453,1,80.51203594127182,102.4449615770545
1.61,30.0,-5.862745961164813,0.017690632897252107,0.022509879252770763,0.04020051215002287,-0.004819246355518655,-0.004228973236568453,1,80.51203594127182,102.4449615770545
1.62,30.0,-5.863223028829793,0.017690632897252107,0.022509879252770763,0.04020051215002287,-0.004819246355518655,-0.004228973236568453,1,80.51203594127182,102.4449615770545
1.6300000000000001,30.0,-5.8636796446854555,0.017690632897252107,0.022509879252770763,0.04020051215002287,-0.004819246355518655,-0.004228973236568453,1,80.51203594127182,102.4449615770545
1.6400000000000001,30.0,-5.8641166854607345,0.017690632897252107,0.022509879252770763,0.04020051215002287,-0.004819246355518655,-0.004228973236568453,1,80.51203594127182,102.4449615770545
1.6500000000000001,30.0,-5.864534990304055,0.017690632897252107,0.022509879252770763,0.04020051215002287,-0.004819246355518655,-0.004228973236568453,1,80.51203594127182,102.4449615770545
1.6600000000000001,30.0,-5.864935362393918,0.017690632897252107,0.022509879252770763,0.04020051215002287,-0.004819246355518655,-0.004228973236568453,1,80.51203594127182,102.4449615770545
1.67,30.0,-5.865318570480512,0.017690632897252107,0.022509879252770763,0.04020051215002287,-0.004819246355518655,-0.004228973236568453,1,80.51203594127182,102.4449615770545
1.68,30.0,-5.8656853503612405,0.017690632897252107,0.022509879252770763,0.04020051215002287,-0.004819246355518655,-0.004228973236568453,1,80.51203594127182,102.4449615770545
1.69,30.0,-5.866036406293064,0.017690632897252107,0.022509879252770763,0.04020051215002287,-0.004819246355518655,-0.004228973236568453,1,80.51203594127182,102.4449615770545
1.7,30.0,-5.8663724123443055,0.017690632897252107,0.022509879252770763,0.04020051215002287,-0.004819246355518655,-0.004228973236568453,1,80.51203594127182,102.4449615770545
1.71,30.0,-5.866694013688547,0.017690632897252107,0.022509879252770763,0.04020051215002287,-0.004819246355518655,-0.004228973236568453,1,80.51203594127182,102.4449615770545
1.72,30.0,-5.86700182784308,0.017690632897252107,0.022509879252770763,0.04020051215002287,-0.004819246355518655,-0.004228973236568453,1,80.51203594127182,102.4449615770545
1.73,30.0,-5.867296445854291,0.017690632897252107,0.022509879252770763,0.04020051215002287,-0.004819246355518655,-0.004228973236568453,1,80.51203594127182,102.4449615770545
1.74,30.0,-5.8675784334322465,0.017690632897252107,0.022509879252770763,0.04020051215002287,-0.004819246355518655,-0.004228973236568453,1,80.51203594127182,102.4449615770545
1.75,30.0,-5.867848332036669,0.017690632897252107,0.022509879252770763,0.04020051215002287,-0.004819246355518655,-0.004228973236568453,1,80.51203594127182,102.4449615770545
1.76,30.0,-5.8681066599163625,0.017690632897252107,0.022509879252770763,0.04020051215002287,-0.004819246355518655,-0.004228973236568453,1,80.51203594127182,102.4449615770545
1.77,30.0,-5.868353913104109,0.017690632897252107,0.022509879252770763,0.04020051215002287,-0.004819246355518655,-0.004228973236568453,1,80.51203594127182,102.4449615770545
1.78,30.0,-5.868590566368918,0.017690632897252107,0.022509879252770763,0.04020051215002287,-0.004819246355518655,-0.004228973236568453,1,80.51203594127182,102.4449615770545
1.79,30.0,-5.868817074127474,0.017690632897252107,0.022509879252770763,0.04020051215002287,-0.004819246355518655,-0.004228973236568453,1,80.51203594127182,102.4449615770545
1.8,30.0,-5.869033871316521,0.017690632897252107,0.022509879252770763,0.04020051215002287,-0.004819246355518655,-0.004228973236568453,1,80.51203594127182,102.4449615770545
1.81,30.0,-5.8692413742278635,0.017690632897252107,0.022509879252770763,0.04020051215002287,-0.004819246355518655,-0.004228973236568453,1,80.51203594127182,102.4449615770545
1.82,30.0,-5.869439981307571,0.017690632897252107,0.022509879252770763,0.04020051215002287,-0.004819246355518655,-0.004228973236568453,1,80.51203594127182,102.4449615770545
1.83,30.0,-5.86963007392094,0.017690632897252107,0.022509879252770763,0.04020051215002287,-0.004819246355518655,-0.004228973236568453,1,80.51203594127182,102.4449615770545
1.84,30.0,-5.8698120170846675,0.017690632897252107,0.022509879252770763,0.04020051215002287,-0.004819246355518655,-0.004228973236568453,1,80.51203594127182,102.4449615770545
1.85,30.0,-5.8699861601676435,0.017690632897252107,0.022509879252770763,0.04020051215002287,-0.004819246355518655,-0.004228973236568453,1,80.51203594127182,102.4449615770545
1.86,30.0,-5.87015283756171,0.017690632897252107,0.022509879252770763,0.04020051215002287,-0.004819246355518655,-0.004228973236568453,1,80.51203594127182,102.4449615770545
1.87,30.0,-5.87031236932367,0.017690632897252107,0.022509879252770763,0.04020051215002287,-0.004819246355518655,-0.004228973236568453,1,80.51203594127182,102.4449615770545
1.8800000000000001,30.0,-5.870465061789772,0.017690632897252107,0.022509879252770763,0.04020051215002287,-0.004819246355518655,-0.004228973236568453,1,80.51203594127182,102.4449615770545
1.8900000000000001,30.0,-5.87061120816387,0.017690632897252107,0.022509879252770763,0.04020051215002287,-0.004819246355518655,-0.004228973236568453,1,80.51203594127182,102.4449615770545
1.9000000000000001,30.0,-5.870751089080373,0.017690632897252107,0.022509879252770763,0.04020051215002287,-0.004819246355518655,-0.004228973236568453,1,80.51203594127182,102.4449615770545
1.9100000000000001,30.0,-5.87088497314305,0.017690632897252107,0.022509879252770763,0.04020051215002287,-0.004819246355518655,-0.004228973236568453,1,80.51203594127182,102.4449615770545
1.92,30.0,-5.871013117440759,0.017690632897252107,0.022509879252770763,0.04020051215002287,-0.004819246355518655,-0.004228973236568453,1,80.51203594127182,102.4449615770545
1.93,30.0,-5.871135768041054,0.017690632897252107,0.022509879252770763,0.04020051215002287,-0.004819246355518655,-0.004228973236568453,1,80.51203594127182,102.4449615770545
1.94,30.0,-5.871253160462648,0.017690632897252107,0.022509879252770763,0.04020051215002287,-0.004819246355518655,-0.004228973236568453,1,80.51203594127182,102.4449615770545
1.95,30.0,-5.871365520127617,0.017690632897252107,0.022509879252770763,0.04020051215002287,-0.004819246355518655,-0.004228973236568453,1,80.51203594127182,102.4449615770545
1.96,30.0,-5.871473062794219,0.017690632897252107,0.022509879252770763,0.04020051215002287,-0.004819246355518655,-0.004228973236568453,1,80.51203594127182,102.4449615770545
1.97,30.0,-5.87157599497117,0.017690632897252107,0.022509879252770763,0.04020051215002287,-0.004819246355518655,-0.004228973236568453,1,80.51203594127182,102.4449615770545
1.98,30.0,-5.871674514314152,0.017690632897252107,0.022509879252770763,0.04020051215002287,-0.004819246355518655,-0.004228973236568453,1,80.51203594127182,102.4449615770545
1.99,30.0,-5.871768810005327,0.017690632897252107,0.022509879252770763,0.04020051215002287,-0.004819246355518655,-0.004228973236568453,1,80.51203594127182,102.4449615770545
2.0,30.0,-5.871859063116594,0.017690632897252107,0.022509879252770763,0.04020051215002287,-0.004819246355518655,-0.004228973236568453,1,80.51203594127182,102.4449615770545
2.0100000000000002,30.0,-5.871945446957252,0.017690632897252107,0.022509879252770763,0.04020051215002287,-0.004819246355518655,-0.004228973236568453,1,80.51203594127182,102.4449615770545
2.02,30.0,-5.872028127406782,0.017690632897252107,0.022509879252770763,0.04020051215002287,-0.004819246355518655,-0.004228973236568453,1,80.51203594127182,102.4449615770545
2.0300000000000002,30.0,-5.872107263233358,0.017690632897252107,0.022509879252770763,0.04020051215002287,-0.004819246355518655,-0.004228973236568453,1,80.51203594127182,102.4449615770545
2.04,30.0,-5.872183006398699,0.017690632897252107,0.022509879252770763,0.04020051215002287,-0.004819246355518655,-0.004228973236568453,1,80.51203594127182,102.4449615770545
2.05,30.0,-5.872255502349851,0.017690632897252107,0.022509879252770763,0.04020051215002287,-0.004819246355518655,-0.004228973236568453,1,80.51203594127182,102.4449615770545
2.06,30.0,-5.872324890298471,0.017690632897252107,0.022509879252770763,0.04020051215002287,-0.004819246355518655,-0.004228973236568453,1,80.51203594127182,102.4449615770545
2.07,30.0,-5.872391303488138,0.017690632897252107,0.022509879252770763,0.04020051215002287,-0.004819246355518655,-0.004228973236568453,1,80.51203594127182,102.4449615770545
2.08,30.0,-5.872454869450193,0.017690632897252107,0.022509879252770763,0.04020051215002287,-0.004819246355518655,-0.004228973236568453,1,80.51203594127182,102.4449615770545
2.09,30.0,-5.872515710248629,0.017690632897252107,0.022509879252770763,0.04020051215002287,-0.004819246355518655,-0.004228973236568453,1,80.51203594127182,102.4449615770545
2.1,30.0,-5.872573942714469,0.017690632897252107,0.022509879252770763,0.04020051215002287,-0.004819246355518655,-0.004228973236568453,1,80.51203594127182,102.4449615770545
2.11,30.0,-5.872629678670104,0.017690632897252107,0.022509879252770763,0.04020051215002287,-0.004819246355518655,-0.004228973236568453,1,80.51203594127182,102.4449615770545
2.12,30.0,-5.872683025144012,0.017690632897252107,0.022509879252770763,0.04020051215002287,-0.004819246355518655,-0.004228973236568453,1,80.51203594127182,102.4449615770545
2.13,30.0,-5.872734084576267,0.017690632897252107,0.022509879252770763,0.04020051215002287,-0.004819246355518655,-0.004228973236568453,1,80.51203594127182,102.4449615770545
2.14,30.0,-5.872782955015261,0.017690632897252107,0.022509879252770763,0.04020051215002287,-0.004819246355518655,-0.004228973236568453,1,80.51203594127182,102.4449615770545
2.15,30.0,-5.872829730305957,0.017690632897252107,0.022509879252770763,0.04020051215002287,-0.004819246355518655,-0.004228973236568453,1,80.51203594127182,102.4449615770545
2.16,30.0,-5.872874500270097,0.017690632897252107,0.022509879252770763,0.04020051215002287,-0.004819246355518655,-0.004228973236568453,1,80.51203594127182,102.4449615770545
2.17,30.0,-5.872917350878683,0.017690632897252107,0.022509879252770763,0.04020051215002287,-0.004819246355518655,-0.004228973236568453,1,80.51203594127182,102.4449615770545
2.18,30.0,-5.872958364417052,0.017690632897252107,0.022509879252770763,0.04020051215002287,-0.004819246355518655,-0.004228973236568453,1,80.51203594127182,102.4449615770545
2.19,30.0,-5.8729976196428835,0.017690632897252107,0.022509879252770763,0.04020051215002287,-0.004819246355518655,-0.004228973236568453,1,80.51203594127182,102.4449615770545
2.2,30.0,-5.873035191937442,0.017690632897252107,0.022509879252770763,0.04020051215002287,-0.004819246355518655,-0.004228973236568453,1,80.51203594127182,102.4449615770545
2.21,30.0,-5.873071153450305,0.017690632897252107,0.022509879252770763,0.04020051215002287,-0.004819246355518655,-0.004228973236568453,1,80.51203594127182,102.4449615770545
2.22,30.0,-5.873105573237928,0.017690632897252107,0.022509879252770763,0.04020051215002287,-0.004819246355518655,-0.004228973236568453,1,80.51203594127182,102.4449615770545
2.23,30.0,-5.873138517396235,0.017690632897252107,0.022509879252770763,0.04020051215002287,-0.004819246355518655,-0.004228973236568453,1,80.51203594127182,102.4449615770545
2.24,30.0,-5.873170049187539,0.017690632897252107,0.022509879252770763,0.04020051215002287,-0.004819246355518655,-0.004228973236568453,1,80.51203594127182,102.4449615770545
2.25,30.0,-5.873200229162027,0.017690632897252107,0.022509879252770763,0.04020051215002287,-0.004819246355518655,-0.004228973236568453,1,80.51203594127182,102.4449615770545
2.2600000000000002,30.0,-5.873229115274028,0.017690632897252107,0.022509879252770763,0.04020051215002287,-0.004819246355518655,-0.004228973236568453,1,80.51203594127182,102.4449615770545
2.27,30.0,-5.873256762993296,0.017690632897252107,0.022509879252770763,0.04020051215002287,-0.004819246355518655,-0.004228973236568453,1,80.51203594127182,102.4449615770545
2.2800000000000002,30.0,-5.873283225411533,0.017690632897252107,0.022509879252770763,0.04020051215002287,-0.004819246355518655,-0.004228973236568453,1,80.51203594127182,102.4449615770545
2.29,30.0,-5.873308553344329,0.017690632897252107,0.022509879252770763,0.04020051215002287,-0.004819246355518655,-0.004228973236568453,1,80.51203594127182,102.4449615770545
2.3000000000000003,30.0,-5.873332795428749,0.017690632897252107,0.022509879252770763,0.04020051215002287,-0.004819246355518655,-0.004228973236568453,1,80.51203594127182,102.4449615770545
2.31,30.0,-5.873355998216722,0.017690632897252107,0.022509879252770763,0.04020051215002287,-0.004819246355518655,-0.004228973236568453,1,80.51203594127182,102.4449615770545
2.32,30.0,-5.873378206264434,0.017690632897252107,0.022509879252770763,0.04020051215002287,-0.004819246355518655,-0.004228973236568453,1,80.51203594127182,102.4449615770545
2.33,30.0,-5.8733994622178916,0.017690632897252107,0.022509879252770763,0.04020051215002287,-0.004819246355518655,-0.004228973236568453,1,80.51203594127182,102.4449615770545
2.34,30.0,-5.873419806894808,0.017690632897252107,0.022509879252770763,0.04020051215002287,-0.004819246355518655,-0.004228973236568453,1,80.51203594127182,102.4449615770545
2.35,30.0,-5.873439279362987,0.017690632897252107,0.022509879252770763,0.04020051215002287,-0.004819246355518655,-0.004228973236568453,1,80.51203594127182,102.4449615770545
2.36,30.0,-5.873457917015343,0.017690632897252107,0.022509879252770763,0.04020051215002287,-0.004819246355518655,-0.004228973236568453,1,80.51203594127182,102.4449615770545
2.37,30.0,-5.873475755641705,0.017690632897252107,0.022509879252770763,0.04020051215002287,-0.004819246355518655,-0.004228973236568453,1,80.51203594127182,102.4449615770545
2.38,30.0,-5.873492829497543,0.017690632897252107,0.022509879252770763,0.04020051215002287,-0.004819246355518655,-0.004228973236568453,1,80.51203594127182,102.4449615770545
2.39,30.0,-5.873509171369746,0.017690632897252107,0.022509879252770763,0.04020051215002287,-0.004819246355518655,-0.004228973236568453,1,80.51203594127182,102.4449615770545
2.4,30.0,-5.873524812639584,0.017690632897252107,0.022509879252770763,0.04020051215002287,-0.004819246355518655,-0.004228973236568453,1,80.51203594127182,102.4449615770545
2.41,30.0,-5.873539783342963,0.017690632897252107,0.022509879252770763,0.04020051215002287,-0.004819246355518655,-0.004228973236568453,1,80.51203594127182,102.4449615770545
2.42,30.0,-5.873554112228112,0.017690632897252107,0.022509879252770763,0.04020051215002287,-0.004819246355518655,-0.004228973236568453,1,80.51203594127182,102.4449615770545
2.43,30.0,-5.873567826810777,0.017690632897252107,0.022509879252770763,0.04020051215002287,-0.004819246355518655,-0.004228973236568453,1,80.51203594127182,102.4449615770545
2.44,30.0,-5.873580953427069,0.017690632897252107,0.022509879252770763,0.04020051215002287,-0.004819246355518655,-0.004228973236568453,1,80.51203594127182,102.4449615770545
2.45,30.0,-5.87359351728403,0.017690632897252107,0.022509879252770763,0.04020051215002287,-0.004819246355518655,-0.004228973236568453,1,80.51203594127182,102.4449615770545
2.46,30.0,-5.873605542508039,0.017690632897252107,0.022509879252770763,0.04020051215002287,-0.004819246355518655,-0.004228973236568453,1,80.51203594127182,102.4449615770545
2.47,30.0,-5.873617052191139,0.017690632897252107,0.022509879252770763,0.04020051215002287,-0.004819246355518655,-0.004228973236568453,1,80.51203594127182,102.4449615770545
2.48,30.0,-5.8736280684353845,0.017690632897252107,0.022509879252770763,0.04020051215002287,-0.004819246355518655,-0.004228973236568453,1,80.51203594127182,102.4449615770545
2.49,30.0,-5.87363861239528,0.017690632897252107,0.022509879252770763,0.04020051215002287,-0.004819246355518655,-0.004228973236568453,1,80.51203594127182,102.4449615770545
2.5,30.0,-5.873648704318408,0.017690632897252107,0.022509879252770763,0.04020051215002287,-0.004819246355518655,-0.004228973236568453,1,80.51203594127182,102.4449615770545
2.5100000000000002,30.0,-5.873658363584305,0.017690632897252107,0.022509879252770763,0.04020051215002287,-0.004819246355518655,-0.004228973236568453,1,80.51203594127182,102.4449615770545
2.52,30.0,-5.873667608741678,0.017690632897252107,0.022509879252770763,0.04020051215002287,-0.004819246355518655,-0.004228973236568453,1,80.51203594127182,102.4449615770545
2.5300000000000002,30.0,-5.873676457544021,0.017690632897252107,0.022509879252770763,0.04020051215002287,-0.004819246355518655,-0.004228973236568453,1,80.51203594127182,102.4449615770545
2.54,30.0,-5.873684926983712,0.017690632897252107,0.022509879252770763,0.04020051215002287,-0.004819246355518655,-0.004228973236568453,1,80.51203594127182,102.4449615770545
2.5500000000000003,30.0,-5.873693033324632,0.017690632897252107,0.022509879252770763,0.04020051215002287,-0.004819246355518655,-0.004228973236568453,1,80.51203594127182,102.4449615770545
2.56,30.0,-5.8737007921334135,0.017690632897252107,0.022509879252770763,0.04020051215002287,-0.004819246355518655,-0.004228973236568453,1,80.51203594127182,102.4449615770545
2.57,30.0,-5.873708218309318,0.017690632897252107,0.022509879252770763,0.04020051215002287,-0.004819246355518655,-0.004228973236568453,1,80.51203594127182,102.4449615770545
2.58,30.0,-5.873715326112855,0.017690632897252107,0.022509879252770763,0.04020051215002287,-0.004819246355518655,-0.004228973236568453,1,80.51203594127182,102.4449615770545
2.59,30.0,-5.873722129193162,0.017690632897252107,0.022509879252770763,0.04020051215002287,-0.004819246355518655,-0.004228973236568453,1,80.51203594127182,102.4449615770545
2.6,30.0,-5.873728640614216,0.017690632897252107,0.022509879252770763,0.04020051215002287,-0.004819246355518655,-0.004228973236568453,1,80.51203594127182,102.4449615770545
2.61,30.0,-5.873734872879922,0.017690632897252107,0.022509879252770763,0.04020051215002287,-0.004819246355518655,-0.004228973236568453,1,80.51203594127182,102.4449615770545
2.62,30.0,-5.873740837958126,0.017690632897252107,0.022509879252770763,0.04020051215002287,-0.004819246355518655,-0.004228973236568453,1,80.51203594127182,102.4449615770545
2.63,30.0,-5.873746547303588,0.017690632897252107,0.022509879252770763,0.04020051215002287,-0.004819246355518655,-0.004228973236568453,1,80.51203594127182,102.4449615770545
2.64,30.0,-5.8737520118799855,0.017690632897252107,0.022509879252770763,0.04020051215002287,-0.004819246355518655,-0.004228973236568453,1,80.51203594127182,102.4449615770545
2.65,30.0,-5.873757242180972,0.017690632897252107,0.022509879252770763,0.04020051215002287,-0.004819246355518655,-0.004228973236568453,1,80.51203594127182,102.4449615770545
2.66,30.0,-5.873762248250311,0.017690632897252107,0.022509879252770763,0.04020051215002287,-0.004819246355518655,-0.004228973236568453,1,80.51203594127182,102.4449615770545
2.67,30.0,-5.873767039701183,0.017690632897252107,0.022509879252770763,0.04020051215002287,-0.004819246355518655,-0.004228973236568453,1,80.51203594127182,102.4449615770545
2.68,30.0,-5.87377162573463,0.017690632897252107,0.022509879252770763,0.04020051215002287,-0.004819246355518655,-0.004228973236568453,1,80.51203594127182,102.4449615770545
2.69,30.0,-5.873776015157236,0.017690632897252107,0.022509879252770763,0.04020051215002287,-0.004819246355518655,-0.004228973236568453,1,80.51203594127182,102.4449615770545
2.7,30.0,-5.873780216398027,0.017690632897252107,0.022509879252770763,0.04020051215002287,-0.004819246355518655,-0.004228973236568453,1,80.51203594127182,102.4449615770545
2.71,30.0,-5.873784237524666,0.017690632897252107,0.022509879252770763,0.04020051215002287,-0.004819246355518655,-0.004228973236568453,1,80.51203594127182,102.4449615770545
2.72,30.0,-5.873788086258944,0.017690632897252107,0.022509879252770763,0.04020051215002287,-0.004819246355518655,-0.004228973236568453,1,80.51203594127182,102.4449615770545
2.73,30.0,-5.873791769991605,0.017690632897252107,0.022509879252770763,0.04020051215002287,-0.004819246355518655,-0.004228973236568453,1,80.51203594127182,102.4449615770545
2.74,30.0,-5.873795295796539,0.017690632897252107,0.022509879252770763,0.04020051215002287,-0.004819246355518655,-0.004228973236568453,1,80.51203594127182,102.4449615770545
2.75,30.0,-5.873798670444366,0.017690632897252107,0.022509879252770763,0.04020051215002287,-0.004819246355518655,-0.004228973236568453,1,80.51203594127182,102.4449615770545
2.7600000000000002,30.0,-5.873801900415439,0.017690632897252107,0.022509879252770763,0.04020051215002287,-0.004819246355518655,-0.004228973236568453,1,80.51203594127182,102.4449615770545
2.77,30.0,-5.8738049919122926,0.017690632897252107,0.022509879252770763,0.04020051215002287,-0.004819246355518655,-0.004228973236568453,1,80.51203594127182,102.4449615770545
2.7800000000000002,30.0,-5.873807950871542,0.017690632897252107,0.022509879252770763,0.04020051215002287,-0.004819246355518655,-0.004228973236568453,1,80.51203594127182,102.4449615770545
2.79,30.0,-5.873810782975294,0.017690632897252107,0.022509879252770763,0.04020051215002287,-0.004819246355518655,-0.004228973236568453,1,80.51203594127182,102.4449615770545
2.8000000000000003,30.0,-5.8738134936620545,0.017690632897252107,0.022509879252770763,0.04020051215002287,-0.004819246355518655,-0.004228973236568453,1,80.51203594127182,102.4449615770545
2.81,30.0,-5.873816088137168,0.017690632897252107,0.022509879252770763,0.04020051215002287,-0.004819246355518655,-0.004228973236568453,1,80.51203594127182,102.4449615770545
2.82,30.0,-5.873818571382821,0.017690632897252107,0.022509879252770763,0.04020051215002287,-0.004819246355518655,-0.004228973236568453,1,80.51203594127182,102.4449615770545
2.83,30.0,-5.873820948167603,0.017690632897252107,0.022509879252770763,0.04020051215002287,-0.004819246355518655,-0.004228973236568453,1,80.51203594127182,102.4449615770545
2.84,30.0,-5.873823223055671,0.017690632897252107,0.022509879252770763,0.04020051215002287,-0.004819246355518655,-0.004228973236568453,1,80.51203594127182,102.4449615770545
2.85,30.0,-5.873825400415502,0.017690632897252107,0.022509879252770763,0.04020051215002287,-0.004819246355518655,-0.004228973236568453,1,80.51203594127182,102.4449615770545
2.86,30.0,-5.873827484428293,0.017690632897252107,0.022509879252770763,0.04020051215002287,-0.004819246355518655,-0.004228973236568453,1,80.51203594127182,102.4449615770545
2.87,30.0,-5.873829479095989,0.017690632897252107,0.022509879252770763,0.04020051215002287,-0.004819246355518655,-0.004228973236568453,1,80.51203594127182,102.4449615770545
2.88,30.0,-5.873831388248959,0.017690632897252107,0.022509879252770763,0.04020051215002287,-0.004819246355518655,-0.004228973236568453,1,80.51203594127182,102.4449615770545
2.89,30.0,-5.873833215553363,0.017690632897252107,0.022509879252770763,0.04020051215002287,-0.004819246355518655,-0.004228973236568453,1,80.51203594127182,102.4449615770545
2.9,30.0,-5.873834964518184,0.017690632897252107,0.022509879252770763,0.04020051215002287,-0.004819246355518655,-0.004228973236568453,1,80.51203594127182,102.4449615770545
2.91,30.0,-5.873836638501972,0.017690632897252107,0.022509879252770763,0.04020051215002287,-0.004819246355518655,-0.004228973236568453,1,80.51203594127182,102.4449615770545
2.92,30.0,-5.873838240719284,0.017690632897252107,0.022509879252770763,0.04020051215002287,-0.004819246355518655,-0.004228973236568453,1,80.51203594127182,102.4449615770545
2.93,30.0,-5.87383977424687,0.017690632897252107,0.022509879252770763,0.04020051215002287,-0.004819246355518655,-0.004228973236568453,1,80.51203594127182,102.4449615770545
2.94,30.0,-5.873841242029574,0.017690632897252107,0.022509879252770763,0.04020051215002287,-0.004819246355518655,-0.004228973236568453,1,80.51203594127182,102.4449615770545
2.95,30.0,-5.873842646885988,0.017690632897252107,0.022509879252770763,0.04020051215002287,-0.004819246355518655,-0.004228973236568453,1,80.51203594127182,102.4449615770545
2.96,30.0,-5.873843991513866,0.017690632897252107,0.022509879252770763,0.04020051215002287,-0.004819246355518655,-0.004228973236568453,1,80.51203594127182,102.4449615770545
2.97,30.0,-5.8738452784953035,0.017690632897252107,0.022509879252770763,0.04020051215002287,-0.004819246355518655,-0.004228973236568453,1,80.51203594127182,102.4449615770545
2.98,30.0,-5.8738465103017,0.017690632897252107,0.022509879252770763,0.04020051215002287,-0.004819246355518655,-0.004228973236568453,1,80.51203594127182,102.4449615770545
2.99,30.0,-5.873847689298504,0.017690632897252107,0.022509879252770763,0.04020051215002287,-0.004819246355518655,-0.004228973236568453,1,80.51203594127182,102.4449615770545
3.0,30.0,-5.873848817749749,0.017690632897252107,0.022509879252770763,0.04020051215002287,-0.004819246355518655,-0.004228973236568453,1,80.51203594127182,102.4449615770545
3.0100000000000002,30.0,-5.873849897822408,0.017690632897252107,0.022509879252770763,0.04020051215002287,-0.004819246355518655,-0.004228973236568453,1,80.51203594127182,102.4449615770545
3.02,30.0,-5.873850931590549,0.017690632897252107,0.022509879252770763,0.04020051215002287,-0.004819246355518655,-0.004228973236568453,1,80.51203594127182,102.4449615770545
3.0300000000000002,30.0,-5.873851921039324,0.017690632897252107,0.022509879252770763,0.04020051215002287,-0.004819246355518655,-0.004228973236568453,1,80.51203594127182,102.4449615770545
3.04,30.0,-5.873852868068781,0.017690632897252107,0.022509879252770763,0.04020051215002287,-0.004819246355518655,-0.004228973236568453,1,80.51203594127182,102.4449615770545
3.0500000000000003,30.0,-5.873853774497502,0.017690632897252107,0.022509879252770763,0.04020051215002287,-0.004819246355518655,-0.004228973236568453,1,80.51203594127182,102.4449615770545
3.06,30.0,-5.873854642066113,0.017690632897252107,0.022509879252770763,0.04020051215002287,-0.004819246355518655,-0.004228973236568453,1,80.51203594127182,102.4449615770545
3.0700000000000003,30.0,-5.87385547244061,0.017690632897252107,0.022509879252770763,0.04020051215002287,-0.004819246355518655,-0.004228973236568453,1,80.51203594127182,102.4449615770545
3.08,30.0,-5.873856267215567,0.017690632897252107,0.022509879252770763,0.04020051215002287,-0.004819246355518655,-0.004228973236568453,1,80.51203594127182,102.4449615770545
3.09,30.0,-5.873857027917196,0.017690632897252107,0.022509879252770763,0.04020051215002287,-0.004819246355518655,-0.004228973236568453,1,80.51203594127182,102.4449615770545
3.1,30.0,-5.8738577560062755,0.017690632897252107,0.022509879252770763,0.04020051215002287,-0.004819246355518655,-0.004228973236568453,1,80.51203594127182,102.4449615770545
3.11,30.0,-5.873858452880961,0.017690632897252107,0.022509879252770763,0.04020051215002287,-0.004819246355518655,-0.004228973236568453,1,80.51203594127182,102.4449615770545
3.12,30.0,-5.873859119879466,0.017690632897252107,0.022509879252770763,0.04020051215002287,-0.004819246355518655,-0.004228973236568453,1,80.51203594127182,102.4449615770545
3.13,30.0,-5.873859758282631,0.017690632897252107,0.022509879252770763,0.04020051215002287,-0.004819246355518655,-0.004228973236568453,1,80.51203594127182,102.4449615770545
3.14,30.0,-5.873860369316384,0.017690632897252107,0.022509879252770763,0.04020051215002287,-0.004819246355518655,-0.004228973236568453,1,80.51203594127182,102.4449615770545
3.15,30.0,-5.873860954154101,0.017690632897252107,0.022509879252770763,0.04020051215002287,-0.004819246355518655,-0.004228973236568453,1,80.51203594127182,102.4449615770545
3.16,30.0,-5.873861513918848,0.017690632897252107,0.022509879252770763,0.04020051215002287,-0.004819246355518655,-0.004228973236568453,1,80.51203594127182,102.4449615770545
3.17,30.0,-5.873862049685544,0.017690632897252107,0.022509879252770763,0.04020051215002287,-0.004819246355518655,-0.004228973236568453,1,80.51203594127182,102.4449615770545
3.18,30.0,-5.873862562483026,0.017690632897252107,0.022509879252770763,0.04020051215002287,-0.004819246355518655,-0.004228973236568453,1,80.51203594127182,102.4449615770545
3.19,30.0,-5.873863053296023,0.017690632897252107,0.022509879252770763,0.04020051215002287,-0.004819246355518655,-0.004228973236568453,1,80.51203594127182,102.4449615770545
3.2,30.0,-5.873863523067048,0.017690632897252107,0.022509879252770763,0.04020051215002287,-0.004819246355518655,-0.004228973236568453,1,80.51203594127182,102.4449615770545
3.21,30.0,-5.873863972698206,0.017690632897252107,0.022509879252770763,0.04020051215002287,-0.004819246355518655,-0.004228973236568453,1,80.51203594127182,102.4449615770545
3.22,30.0,-5.8738644030529255,0.017690632897252107,0.022509879252770763,0.04020051215002287,-0.004819246355518655,-0.004228973236568453,1,80.51203594127182,102.4449615770545
3.23,30.0,-5.873864814957619,0.017690632897252107,0.022509879252770763,0.04020051215002287,-0.004819246355518655,-0.004228973236568453,1,80.51203594127182,102.4449615770545
3.24,30.0,-5.873865209203272,0.017690632897252107,0.022509879252770763,0.04020051215002287,-0.004819246355518655,-0.004228973236568453,1,80.51203594127182,102.4449615770545
3.25,30.0,-5.8738655865469545,0.017690632897252107,0.022509879252770763,0.04020051215002287,-0.004819246355518655,-0.004228973236568453,1,80.51203594127182,102.4449615770545
3.2600000000000002,30.0,-5.873865947713285,0.017690632897252107,0.022509879252770763,0.04020051215002287,-0.004819246355518655,-0.004228973236568453,1,80.51203594127182,102.4449615770545
3.27,30.0,-5.8738662933958095,0.017690632897252107,0.022509879252770763,0.04020051215002287,-0.004819246355518655,-0.004228973236568453,1,80.51203594127182,102.4449615770545
3.2800000000000002,30.0,-5.873866624258347,0.017690632897252107,0.022509879252770763,0.04020051215002287,-0.004819246355518655,-0.004228973236568453,1,80.51203594127182,102.4449615770545
3.29,30.0,-5.873866940936254,0.017690632897252107,0.022509879252770763,0.04020051215002287,-0.004819246355518655,-0.004228973236568453,1,80.51203594127182,102.4449615770545
3.3000000000000003,30.0,-5.8738672440376485,0.017690632897252107,0.022509879252770763,0.04020051215002287,-0.004819246355518655,-0.004228973236568453,1,80.51203594127182,102.4449615770545
3.31,30.0,-5.8738675341445825,0.017690632897252107,0.022509879252770763,0.04020051215002287,-0.004819246355518655,-0.004228973236568453,1,80.51203594127182,102.4449615770545
3.3200000000000003,30.0,-5.873867811814146,0.017690632897252107,0.022509879252770763,0.04020051215002287,-0.004819246355518655,-0.004228973236568453,1,80.51203594127182,102.4449615770545
3.33,30.0,-5.8738680775795515,0.017690632897252107,0.022509879252770763,0.04020051215002287,-0.004819246355518655,-0.004228973236568453,1,80.51203594127182,102.4449615770545
3.34,30.0,-5.873868331951147,0.017690632897252107,0.022509879252770763,0.04020051215002287,-0.004819246355518655,-0.004228973236568453,1,80.51203594127182,102.4449615770545
3.35,30.0,-5.87386857541741,0.017690632897252107,0.022509879252770763,0.04020051215002287,-0.004819246355518655,-0.004228973236568453,1,80.51203594127182,102.4449615770545
3.36,30.0,-5.873868808445864,0.017690632897252107,0.022509879252770763,0.04020051215002287,-0.004819246355518655,-0.004228973236568453,1,80.51203594127182,102.4449615770545
3.37,30.0,-5.873869031484,0.017690632897252107,0.022509879252770763,0.04020051215002287,-0.004819246355518655,-0.004228973236568453,1,80.51203594127182,102.4449615770545
3.38,30.0,-5.873869244960119,0.017690632897252107,0.022509879252770763,0.04020051215002287,-0.004819246355518655,-0.004228973236568453,1,80.51203594127182,102.4449615770545
3.39,30.0,-5.873869449284159,0.017690632897252107,0.022509879252770763,0.04020051215002287,-0.004819246355518655,-0.004228973236568453,1,80.51203594127182,102.4449615770545
3.4,30.0,-5.873869644848487,0.017690632897252107,0.022509879252770763,0.04020051215002287,-0.004819246355518655,-0.004228973236568453,1,80.51203594127182,102.4449615770545
3.41,30.0,-5.873869832028645,0.017690632897252107,0.022509879252770763,0.04020051215002287,-0.004819246355518655,-0.004228973236568453,1,80.51203594127182,102.4449615770545
3.42,30.0,-5.873870011184076,0.017690632897252107,0.022509879252770763,0.04020051215002287,-0.004819246355518655,-0.004228973236568453,1,80.51203594127182,102.4449615770545
3.43,30.0,-5.873870182658814,0.017690632897252107,0.022509879252770763,0.04020051215002287,-0.004819246355518655,-0.004228973236568453,1,80.51203594127182,102.4449615770545
3.44,30.0,-5.873870346782142,0.017690632897252107,0.022509879252770763,0.04020051215002287,-0.004819246355518655,-0.004228973236568453,1,80.51203594127182,102.4449615770545
3.45,30.0,-5.87387050386923,0.017690632897252107,0.022509879252770763,0.04020051215002287,-0.004819246355518655,-0.004228973236568453,1,80.51203594127182,102.4449615770545
3.46,30.0,-5.873870654221734,0.017690632897252107,0.022509879252770763,0.04020051215002287,-0.004819246355518655,-0.004228973236568453,1,80.51203594127182,102.4449615770545
3.47,30.0,-5.8738707981283715,0.017690632897252107,0.022509879252770763,0.04020051215002287,-0.004819246355518655,-0.004228973236568453,1,80.51203594127182,102.4449615770545
3.48,30.0,-5.873870935865492,0.017690632897252107,0.022509879252770763,0.04020051215002287,-0.004819246355518655,-0.004228973236568453,1,80.51203594127182,102.4449615770545
3.49,30.0,-5.873871067697592,0.017690632897252107,0.022509879252770763,0.04020051215002287,-0.004819246355518655,-0.004228973236568453,1,80.51203594127182,102.4449615770545
3.5,30.0,-5.87387119387783,0.017690632897252107,0.022509879252770763,0.04020051215002287,-0.004819246355518655,-0.004228973236568453,1,80.51203594127182,102.4449615770545
3.5100000000000002,30.0,-5.8738713146485075,0.017690632897252107,0.022509879252770763,0.04020051215002287,-0.004819246355518655,-0.004228973236568453,1,80.51203594127182,102.4449615770545
3.52,30.0,-5.873871430241547,0.017690632897252107,0.022509879252770763,0.04020051215002287,-0.004819246355518655,-0.004228973236568453,1,80.51203594127182,102.4449615770545
3.5300000000000002,30.0,-5.873871540878917,0.017690632897252107,0.022509879252770763,0.04020051215002287,-0.004819246355518655,-0.004228973236568453,1,80.51203594127182,102.4449615770545
3.54,30.0,-5.873871646773079,0.017690632897252107,0.022509879252770763,0.04020051215002287,-0.004819246355518655,-0.004228973236568453,1,80.51203594127182,102.4449615770545
3.5500000000000003,30.0,-5.873871748127382,0.017690632897252107,0.022509879252770763,0.04020051215002287,-0.004819246355518655,-0.004228973236568453,1,80.51203594127182,102.4449615770545
3.56,30.0,-5.8738718451364536,0.017690632897252107,0.022509879252770763,0.04020051215002287,-0.004819246355518655,-0.004228973236568453,1,80.51203594127182,102.4449615770545
3.5700000000000003,30.0,-5.873871937986585,0.017690632897252107,0.022509879252770763,0.04020051215002287,-0.004819246355518655,-0.004228973236568453,1,80.51203594127182,102.4449615770545
3.58,30.0,-5.873872026856077,0.017690632897252107,0.022509879252770763,0.04020051215002287,-0.004819246355518655,-0.004228973236568453,1,80.51203594127182,102.4449615770545
3.59,30.0,-5.873872111915584,0.017690632897252107,0.022509879252770763,0.04020051215002287,-0.004819246355518655,-0.004228973236568453,1,80.51203594127182,102.4449615770545
3.6,30.0,-5.873872193328447,0.017690632897252107,0.022509879252770763,0.04020051215002287,-0.004819246355518655,-0.004228973236568453,1,80.51203594127182,102.4449615770545
3.61,30.0,-5.873872271251008,0.017690632897252107,0.022509879252770763,0.04020051215002287,-0.004819246355518655,-0.004228973236568453,1,80.51203594127182,102.4449615770545
3.62,30.0,-5.873872345832898,0.017690632897252107,0.022509879252770763,0.04020051215002287,-0.004819246355518655,-0.004228973236568453,1,80.51203594127182,102.4449615770545
3.63,30.0,-5.873872417217338,0.017690632897252107,0.022509879252770763,0.04020051215002287,-0.004819246355518655,-0.004228973236568453,1,80.51203594127182,102.4449615770545
3.64,30.0,-5.873872485541409,0.017690632897252107,0.022509879252770763,0.04020051215002287,-0.004819246355518655,-0.004228973236568453,1,80.51203594127182,102.4449615770545
3.65,30.0,-5.873872550936313,0.017690632897252107,0.022509879252770763,0.04020051215002287,-0.004819246355518655,-0.004228973236568453,1,80.51203594127182,102.4449615770545
3.66,30.0,-5.873872613527626,0.017690632897252107,0.022509879252770763,0.04020051215002287,-0.004819246355518655,-0.004228973236568453,1,80.51203594127182,102.4449615770545
3.67,30.0,-5.873872673435545,0.017690632897252107,0.022509879252770763,0.04020051215002287,-0.004819246355518655,-0.004228973236568453,1,80.51203594127182,102.4449615770545
3.68,30.0,-5.873872730775114,0.017690632897252107,0.022509879252770763,0.04020051215002287,-0.004819246355518655,-0.004228973236568453,1,80.51203594127182,102.4449615770545
3.69,30.0,-5.87387278565644,0.017690632897252107,0.022509879252770763,0.04020051215002287,-0.004819246355518655,-0.004228973236568453,1,80.51203594127182,102.4449615770545
3.7,30.0,-5.873872838184911,0.017690632897252107,0.022509879252770763,0.04020051215002287,-0.004819246355518655,-0.004228973236568453,1,80.51203594127182,102.4449615770545
3.71,30.0,-5.873872888461399,0.017690632897252107,0.022509879252770763,0.04020051215002287,-0.004819246355518655,-0.004228973236568453,1,80.51203594127182,102.4449615770545
3.72,30.0,-5.87387293658245,0.017690632897252107,0.022509879252770763,0.04020051215002287,-0.004819246355518655,-0.004228973236568453,1,80.51203594127182,102.4449615770545
3.73,30.0,-5.873872982640474,0.017690632897252107,0.022509879252770763,0.04020051215002287,-0.004819246355518655,-0.004228973236568453,1,80.51203594127182,102.4449615770545
3.74,30.0,-5.873873026723911,0.017690632897252107,0.022509879252770763,0.04020051215002287,-0.004819246355518655,-0.004228973236568453,1,80.51203594127182,102.4449615770545
3.75,30.0,-5.873873068917417,0.017690632897252107,0.022509879252770763,0.04020051215002287,-0.004819246355518655,-0.004228973236568453,1,80.51203594127182,102.4449615770545
3.7600000000000002,30.0,-5.873873109302016,0.017690632897252107,0.022509879252770763,0.04020051215002287,-0.004819246355518655,-0.004228973236568453,1,80.51203594127182,102.4449615770545
3.77,30.0,-5.873873147955262,0.017690632897252107,0.022509879252770763,0.04020051215002287,-0.004819246355518655,-0.004228973236568453,1,80.51203594127182,102.4449615770545
3.7800000000000002,30.0,-5.873873184951379,0.017690632897252107,0.022509879252770763,0.04020051215002287,-0.004819246355518655,-0.004228973236568453,1,80.51203594127182,102.4449615770545
3.79,30.0,-5.873873220361409,0.017690632897252107,0.022509879252770763,0.04020051215002287,-0.004819246355518655,-0.004228973236568453,1,80.51203594127182,102.4449615770545
3.8000000000000003,30.0,-5.8738732542533505,0.017690632897252107,0.022509879252770763,0.04020051215002287,-0.004819246355518655,-0.004228973236568453,1,80.51203594127182,102.4449615770545
3.81,30.0,-5.873873286692289,0.017690632897252107,0.022509879252770763,0.04020051215002287,-0.004819246355518655,-0.004228973236568453,1,80.51203594127182,102.4449615770545
3.8200000000000003,30.0,-5.873873317740516,0.017690632897252107,0.022509879252770763,0.04020051215002287,-0.004819246355518655,-0.004228973236568453,1,80.51203594127182,102.4449615770545
3.83,30.0,-5.873873347457653,0.017690632897252107,0.022509879252770763,0.04020051215002287,-0.004819246355518655,-0.004228973236568453,1,80.51203594127182,102.4449615770545
3.84,30.0,-5.873873375900768,0.017690632897252107,0.022509879252770763,0.04020051215002287,-0.004819246355518655,-0.004228973236568453,1,80.51203594127182,102.4449615770545
3.85,30.0,-5.8738734031244775,0.017690632897252107,0.022509879252770763,0.04020051215002287,-0.004819246355518655,-0.004228973236568453,1,80.51203594127182,102.4449615770545
3.86,30.0,-5.873873429181061,0.017690632897252107,0.022509879252770763,0.04020051215002287,-0.004819246355518655,-0.004228973236568453,1,80.51203594127182,102.4449615770545
3.87,30.0,-5.873873454120557,0.017690632897252107,0.022509879252770763,0.04020051215002287,-0.004819246355518655,-0.004228973236568453,1,80.51203594127182,102.4449615770545
3.88,30.0,-5.873873477990854,0.017690632897252107,0.022509879252770763,0.04020051215002287,-0.004819246355518655,-0.004228973236568453,1,80.51203594127182,102.4449615770545
3.89,30.0,-5.873873500837791,0.017690632897252107,0.022509879252770763,0.04020051215002287,-0.004819246355518655,-0.004228973236568453,1,80.51203594127182,102.4449615770545
3.9,30.0,-5.873873522705243,0.017690632897252107,0.022509879252770763,0.04020051215002287,-0.004819246355518655,-0.004228973236568453,1,80.51203594127182,102.4449615770545
3.91,30.0,-5.8738735436352,0.017690632897252107,0.022509879252770763,0.04020051215002287,-0.004819246355518655,-0.004228973236568453,1,80.51203594127182,102.4449615770545
3.92,30.0,-5.8738735636678525,0.017690632897252107,0.022509879252770763,0.04020051215002287,-0.004819246355518655,-0.004228973236568453,1,80.51203594127182,102.4449615770545
3.93,30.0,-5.873873582841672,0.017690632897252107,0.022509879252770763,0.04020051215002287,-0.004819246355518655,-0.004228973236568453,1,80.51203594127182,102.4449615770545
3.94,30.0,-5.873873601193476,0.017690632897252107,0.022509879252770763,0.04020051215002287,-0.004819246355518655,-0.004228973236568453,1,80.51203594127182,102.4449615770545
3.95,30.0,-5.873873618758508,0.017690632897252107,0.022509879252770763,0.04020051215002287,-0.004819246355518655,-0.004228973236568453,1,80.51203594127182,102.4449615770545
3.96,30.0,-5.873873635570497,0.017690632897252107,0.022509879252770763,0.04020051215002287,-0.004819246355518655,-0.004228973236568453,1,80.51203594127182,102.4449615770545
3.97,30.0,-5.87387365166173,0.017690632897252107,0.022509879252770763,0.04020051215002287,-0.004819246355518655,-0.004228973236568453,1,80.51203594127182,102.4449615770545
3.98,30.0,-5.873873667063104,0.017690632897252107,0.022509879252770763,0.04020051215002287,-0.004819246355518655,-0.004228973236568453,1,80.51203594127182,102.4449615770545
3.99,30.0,-5.873873681804197,0.017690632897252107,0.022509879252770763,0.04020051215002287,-0.004819246355518655,-0.004228973236568453,1,80.51203594127182,102.4449615770545
